id,post_id,post_title,text_source,original_filename,audio_path,transcript_path,post_url,download_url,label
1,36745,금융범죄수사중입니다. 사건내용을 유출할 경우 처벌받을수있습니다,audio,"검찰사칭, 침착대응(OO은행 과장출신입니다. 와서수사하세요)_.mp3",dataset/audio/fss_voice_001_36745.mp3,dataset/transcripts/fss_voice_001_36745.txt,https://www.fss.or.kr/fss/bbs/B0000207/view.do?nttId=36745&menuNo=200691&pageIndex=1,https://www.fss.or.kr/fss/cmmn/file/fileDown.do?menuNo=200691&atchFileId=2b1c54de2192367614dbb52ac498e1d3&fileSn=1&bbsId=B0000207,voice_phishing
2,36740,본인과 연루된 불법 명의도용사건이 검찰에 접수되어 연락드렸습니다,audio,"(검찰사칭, 침착대응)본인과 연루된 불법 명의도용사건이 검찰에 접수되어 연락드렸습니다 중고나라 몇번 게시물이에요_.mp3",dataset/audio/fss_voice_002_36740.mp3,dataset/transcripts/fss_voice_002_36740.txt,https://www.fss.or.kr/fss/bbs/B0000207/view.do?nttId=36740&menuNo=200691&pageIndex=1,https://www.fss.or.kr/fss/cmmn/file/fileDown.do?menuNo=200691&atchFileId=10ccccdbba5c7cd5ec14d4448112cb27&fileSn=1&bbsId=B0000207,voice_phishing
3,36739,다음주에 재판이 열립니다. 재판증거자료를 위해 통화를 녹취하겠습니다.,audio,(검찰사칭)다음주에 재판이 열립니다. 재판증거자료를 위해 통화를 녹취하겠습니다_.mp3,dataset/audio/fss_voice_003_36739.mp3,dataset/transcripts/fss_voice_003_36739.txt,https://www.fss.or.kr/fss/bbs/B0000207/view.do?nttId=36739&menuNo=200691&pageIndex=1,https://www.fss.or.kr/fss/cmmn/file/fileDown.do?menuNo=200691&atchFileId=8d027e10bd62193b8c8b2327d07930dd&fileSn=1&bbsId=B0000207,voice_phishing
4,36736,강남서 사이버수사과입니다,audio,(경찰 사칭)강남서 사이버수사과입니다_.mp3,dataset/audio/fss_voice_004_36736.mp3,dataset/transcripts/fss_voice_004_36736.txt,https://www.fss.or.kr/fss/bbs/B0000207/view.do?nttId=36736&menuNo=200691&pageIndex=1,https://www.fss.or.kr/fss/cmmn/file/fileDown.do?menuNo=200691&atchFileId=78575ce2e54d62257520d9e13d366637&fileSn=1&bbsId=B0000207,voice_phishing
5,36729,"이 사건은 전자금융거래법 위반 금융사기 사건으로, 다수의 피해자가 발생한 고소고발 사건입니다",html,NR6606_마스킹 완료_정부기관 사칭형 여자 수사관_.mp3,dataset/audio/fss_voice_005_36729.mp3,dataset/transcripts/fss_voice_005_36729.txt,https://www.fss.or.kr/fss/bbs/B0000207/view.do?nttId=36729&menuNo=200691&pageIndex=1,https://www.fss.or.kr/fss/cmmn/file/fileDown.do?menuNo=200691&atchFileId=48ac7ccc2b2e5edc2ab8b02b3b1c5d0c&fileSn=1&bbsId=B0000207,voice_phishing
6,36726,이 전화는 녹취전화라 수신이 안되므로 혹시 향후 궁금한 점 생기시면 서울중앙지검에서 ‘OOO 수사관’을 찾아주세요,html,NR6525_마스킹 완료_정부기관 사칭_.mp3,dataset/audio/fss_voice_006_36726.mp3,dataset/transcripts/fss_voice_006_36726.txt,https://www.fss.or.kr/fss/bbs/B0000207/view.do?nttId=36726&menuNo=200691&pageIndex=1,https://www.fss.or.kr/fss/cmmn/file/fileDown.do?menuNo=200691&atchFileId=6549116b831562c4e8823e964d66a363&fileSn=1&bbsId=B0000207,voice_phishing
7,36725,(동일 사기범 다수 제보 접수 건 편집본) 저는 서울중앙지검 강력수사팀 OOO 수사관입니다. 명의가 유출되어 피해를 보신 부분에 대해서는 보상을 받으실 수 있습니다.,html,NR1227 1291 1771 2024_마스킹 완료_정부기관사칭형_.mp3,dataset/audio/fss_voice_007_36725.mp3,dataset/transcripts/fss_voice_007_36725.txt,https://www.fss.or.kr/fss/bbs/B0000207/view.do?nttId=36725&menuNo=200691&pageIndex=1,https://www.fss.or.kr/fss/cmmn/file/fileDown.do?menuNo=200691&atchFileId=783eb11223528075364b7b2626c58d08&fileSn=1&bbsId=B0000207,voice_phishing
8,36724,"(동일 사기범 다수 제보 건 편집본) 녹취라고 해서 별다른 건 없고, 아까 제가 드렸던 질문을 그대로 녹취에 담을 겁니다. 수사 협조 부탁드립니다",html,NR1413 1665 2034 2044_마스킹 완료_정부기관 사칭형_.mp3,dataset/audio/fss_voice_008_36724.mp3,dataset/transcripts/fss_voice_008_36724.txt,https://www.fss.or.kr/fss/bbs/B0000207/view.do?nttId=36724&menuNo=200691&pageIndex=1,https://www.fss.or.kr/fss/cmmn/file/fileDown.do?menuNo=200691&atchFileId=3e083dc100443858c6aed59e32532a1d&fileSn=1&bbsId=B0000207,voice_phishing
9,36723,"(동일 사기범 다수 제보 건 편집본) 귀하의 이름을 판매자로 등록한 후 고가의 항공권, 상품권을 판다고 한 후, 돈만 가로채고 도주한 사건입니다",html,NR1212 1632 1634 1892_마스킹 완료_정부기관 사칭사기_.mp3,dataset/audio/fss_voice_009_36723.mp3,dataset/transcripts/fss_voice_009_36723.txt,https://www.fss.or.kr/fss/bbs/B0000207/view.do?nttId=36723&menuNo=200691&pageIndex=1,https://www.fss.or.kr/fss/cmmn/file/fileDown.do?menuNo=200691&atchFileId=27e30c8a2922393b158005077d015bae&fileSn=1&bbsId=B0000207,voice_phishing
10,36722,"(동일 사기범 다수 제보 건 편집본) 중고나라 사이트를 통해 고가의 물건을 등록해놓고 물건은 양도하지 않고 자금만 편취한 사건인데, 금융범죄사기로 분류되어 저희 첨단범죄수사부에서 사건 진행을 맡고 있습니다",html,NR1717 1751 1761 1920_정부기관 사칭형_.mp3,dataset/audio/fss_voice_010_36722.mp3,dataset/transcripts/fss_voice_010_36722.txt,https://www.fss.or.kr/fss/bbs/B0000207/view.do?nttId=36722&menuNo=200691&pageIndex=1,https://www.fss.or.kr/fss/cmmn/file/fileDown.do?menuNo=200691&atchFileId=b882e008b81abe3331ae17debd5c25b1&fileSn=1&bbsId=B0000207,voice_phishing
11,36721,작년 4월부터 10월까지,html,NR4560_마스킹 완료_수차례 전화드렸는데 부재중이었다_.mp3,dataset/audio/fss_voice_011_36721.mp3,dataset/transcripts/fss_voice_011_36721.txt,https://www.fss.or.kr/fss/bbs/B0000207/view.do?nttId=36721&menuNo=200691&pageIndex=2,https://www.fss.or.kr/fss/cmmn/file/fileDown.do?menuNo=200691&atchFileId=c09c3e35a97b3db5e499350c0ed9415e&fileSn=1&bbsId=B0000207,voice_phishing
12,36720,"방문조사를 받으시면 향후 5년간 방문기록이 남아 향후 이직이나 공무원 준비하실 때 문제가 될 수 있기 때문에, 저희가 편의를 봐드리려고 소환조치를 안하는 겁니다. 그런데 협조를 안 해주신다 하면 그에 대한 처벌을 받으셔야 할 겁니다.",html,NR3525_마스킹 완료_정부기관사칭(출국정지되실거에요)_.mp3,dataset/audio/fss_voice_012_36720.mp3,dataset/transcripts/fss_voice_012_36720.txt,https://www.fss.or.kr/fss/bbs/B0000207/view.do?nttId=36720&menuNo=200691&pageIndex=2,https://www.fss.or.kr/fss/cmmn/file/fileDown.do?menuNo=200691&atchFileId=96615a10999906ce0e345d163628e919&fileSn=1&bbsId=B0000207,voice_phishing
13,36718,"현금에 국가보안코드를 입력해야 하는데, 사람이 아니라 기계가 하는것이기 때문에 여의도에 있는 금융감독원에서 진행됩니다(사기범 공문 낭독 내용 포함)",html,NR3523_마스킹 완료_정부기관 사칭형(사람이 아니라 기계가 하는 일이기 때문에 금감원에서 보안코드 부여할 예정)_.mp3,dataset/audio/fss_voice_013_36718.mp3,dataset/transcripts/fss_voice_013_36718.txt,https://www.fss.or.kr/fss/bbs/B0000207/view.do?nttId=36718&menuNo=200691&pageIndex=2,https://www.fss.or.kr/fss/cmmn/file/fileDown.do?menuNo=200691&atchFileId=303e5889a0aa1db6590aa179719532ed&fileSn=1&bbsId=B0000207,voice_phishing
14,36714,"(피해자 자산이 별로 없자 급히 종결) 일단 간단한 조사는 완결되었고, 추후 본인 주소지로 조사결과서와 출석요구서가 갈 수 있으니 잘 받아주시기 바랍니다",html,NR3939_마스킹 완료_정부기관 사칭_.mp3,dataset/audio/fss_voice_014_36714.mp3,dataset/transcripts/fss_voice_014_36714.txt,https://www.fss.or.kr/fss/bbs/B0000207/view.do?nttId=36714&menuNo=200691&pageIndex=2,https://www.fss.or.kr/fss/cmmn/file/fileDown.do?menuNo=200691&atchFileId=86adec27c7ea06620c3aedebe31913e3&fileSn=1&bbsId=B0000207,voice_phishing
15,36706,"이제 본인의 통화기록, 문자 기록 조회를 할건데 오류가 날 수 있으니 휴대폰 설정에서 데이터를 끄시고, 와이파이도 차단해주세요",html,NR1723_마스킹 완료_정부기관 사칭(데이터 꺼라)_.mp3,dataset/audio/fss_voice_015_36706.mp3,dataset/transcripts/fss_voice_015_36706.txt,https://www.fss.or.kr/fss/bbs/B0000207/view.do?nttId=36706&menuNo=200691&pageIndex=2,https://www.fss.or.kr/fss/cmmn/file/fileDown.do?menuNo=200691&atchFileId=0ab5ed4b5225b56d39993a86ecbb3674&fileSn=1&bbsId=B0000207,voice_phishing
16,36703,다운로드받으신 보안프로그램이 있으신가요? 그런건 국가에서 인정하지 않은 개인 보안프로그램이고 우리의 정부 앱과 충돌할 수 있기 때문에 기존에 다운받으신 보안프로그램은 모두 다 삭제해주세요.,html,NR1988_마스킹 완료_정부기관 사칭인데 대출 여부 확인하라 함_.mp3,dataset/audio/fss_voice_016_36703.mp3,dataset/transcripts/fss_voice_016_36703.txt,https://www.fss.or.kr/fss/bbs/B0000207/view.do?nttId=36703&menuNo=200691&pageIndex=2,https://www.fss.or.kr/fss/cmmn/file/fileDown.do?menuNo=200691&atchFileId=7146c581e0348a7dbecbb6c4d00594ce&fileSn=1&bbsId=B0000207,voice_phishing
17,36693,"사기범들이 본인 명의로 대출해나갈 수도 있으니 최대 한도 내에서 대출을 받으세요. 금융회사 직원이 대출 목적이 무엇인지 묻는것은 정상적이지 않은 것이니, 그 불량직원이 눈치채지 못하도록 적당히 둘러대세요.",html,NR1759_마스킹 완료(정부기관 사칭 신유형)_.mp3,dataset/audio/fss_voice_017_36693.mp3,dataset/transcripts/fss_voice_017_36693.txt,https://www.fss.or.kr/fss/bbs/B0000207/view.do?nttId=36693&menuNo=200691&pageIndex=2,https://www.fss.or.kr/fss/cmmn/file/fileDown.do?menuNo=200691&atchFileId=3717e46678bebe0bade54668e6104d2a&fileSn=1&bbsId=B0000207,voice_phishing
18,36672,피해자 입증이 완료될 때까지 사무실에 출근하지 마시고 몸이 아프다고 하고 자택에 있으시기 바랍니다,html,NR2651_마스킹완료_정부기관사칭_돈 보내고 난 이후의 통화_.mp3,dataset/audio/fss_voice_018_36672.mp3,dataset/transcripts/fss_voice_018_36672.txt,https://www.fss.or.kr/fss/bbs/B0000207/view.do?nttId=36672&menuNo=200691&pageIndex=2,https://www.fss.or.kr/fss/cmmn/file/fileDown.do?menuNo=200691&atchFileId=739b600b92a4e04284ec93c203bb343c&fileSn=1&bbsId=B0000207,voice_phishing
19,36668,"인출하신 금액 중 수표는 5만원권이나 달러로 바꾸세요. 금감원 직원이 만나러 갈건데, 금감원 직원에게 돈이 든 가방을 건네세요",html,NR3612 3613_마스킹 완료_.mp3,dataset/audio/fss_voice_019_36668.mp3,dataset/transcripts/fss_voice_019_36668.txt,https://www.fss.or.kr/fss/bbs/B0000207/view.do?nttId=36668&menuNo=200691&pageIndex=2,https://www.fss.or.kr/fss/cmmn/file/fileDown.do?menuNo=200691&atchFileId=103c974992ee420e742986d04c565465&fileSn=1&bbsId=B0000207,voice_phishing
20,36667,최근 금융권에서 귀하의 명의로 대출조회를 한 기록이 있습니다. 지금부터 금융감독위원회에 요청하여 임의적으로 10등급으로 하향조정할 것입니다.,html,NR3718_마스킹 완료(정부기관 사칭(임의로 신용등급을 최하위로 낮추었으니 OO론 쪽에 대출한도 확인해보라))_.mp3,dataset/audio/fss_voice_020_36667.mp3,dataset/transcripts/fss_voice_020_36667.txt,https://www.fss.or.kr/fss/bbs/B0000207/view.do?nttId=36667&menuNo=200691&pageIndex=2,https://www.fss.or.kr/fss/cmmn/file/fileDown.do?menuNo=200691&atchFileId=c76e5db64683d45740c9290d5345084a&fileSn=1&bbsId=B0000207,voice_phishing
21,36666,"독서실, 본인 자택을 제외한 곳에서는 데이터, 와이파이를 꺼주시기 바랍니다",html,"NR3716_마스킹완료_정부기관 사칭(데이터, 와이파이, 핸드폰 모두 끄세요)_.mp3",dataset/audio/fss_voice_021_36666.mp3,dataset/transcripts/fss_voice_021_36666.txt,https://www.fss.or.kr/fss/bbs/B0000207/view.do?nttId=36666&menuNo=200691&pageIndex=3,https://www.fss.or.kr/fss/cmmn/file/fileDown.do?menuNo=200691&atchFileId=1cbdb181dc37908a6c117649b8659de3&fileSn=1&bbsId=B0000207,voice_phishing
22,36643,(2) 은행권에 들어갔다 나오더니 태도가 갑자기 왜 이렇습니까? 본인 관할 경찰서 어디에요,html,NR3309_마스킹 완료(정부기관사칭형(2.뜻대로 되지 않자 욕하고 끊음))_.mp3,dataset/audio/fss_voice_022_36643.mp3,dataset/transcripts/fss_voice_022_36643.txt,https://www.fss.or.kr/fss/bbs/B0000207/view.do?nttId=36643&menuNo=200691&pageIndex=3,https://www.fss.or.kr/fss/cmmn/file/fileDown.do?menuNo=200691&atchFileId=04b8757b0b6a957b91de3107dd0cca5e&fileSn=1&bbsId=B0000207,voice_phishing
23,36642,"(1) 은행 창구에서 불량 은행 직원이 귀하의 명의도용 사건 관련하여 조사를 받는 중인지 질문을 할 수 있는데, 이런 질문에 대해서는 그냥 아니라고 회피하시면 됩니다. 불량 은행 직원이 눈치 챌 수 있으니 은행권 안에서는 통화를 하지 마세요",html,NR3310_마스킹 완료(정부기관사칭형(1.은행내에서 통화하지 말아라))_.mp3,dataset/audio/fss_voice_023_36642.mp3,dataset/transcripts/fss_voice_023_36642.txt,https://www.fss.or.kr/fss/bbs/B0000207/view.do?nttId=36642&menuNo=200691&pageIndex=3,https://www.fss.or.kr/fss/cmmn/file/fileDown.do?menuNo=200691&atchFileId=a546434572bd23db1453d08469949e75&fileSn=1&bbsId=B0000207,voice_phishing
24,36634,사기범이 귀하의 개인정보를 이용하여 카드대출을 받을 수 있으니 본인이 먼저 한도 범위내에서 카드대출 받으세요. 대출 상담 과정에서 불량직원이 대출용도를 물어보면 요령껏 대답하세요,html,NR3438_마스킹 완료(정부기관 사칭(카드사 직원에게 요령껏 대답해라))_.mp3,dataset/audio/fss_voice_024_36634.mp3,dataset/transcripts/fss_voice_024_36634.txt,https://www.fss.or.kr/fss/bbs/B0000207/view.do?nttId=36634&menuNo=200691&pageIndex=3,https://www.fss.or.kr/fss/cmmn/file/fileDown.do?menuNo=200691&atchFileId=4b09d6b4cd4e76e7e107c5b885e7e236&fileSn=1&bbsId=B0000207,voice_phishing
25,36620,[정부기관사칭 6단계] 은행 창구 직원의 피싱 예방 확인 회피,audio,정부기관사칭 6단계(은행 창구 직원의 피싱 예방 확인 회피)_.mp3,dataset/audio/fss_voice_025_36620.mp3,,https://www.fss.or.kr/fss/bbs/B0000207/view.do?nttId=36620&menuNo=200691&pageIndex=3,https://www.fss.or.kr/fss/cmmn/file/fileDown.do?menuNo=200691&atchFileId=08c6ba3cc7c0c37cc19aaa170ab2d493&fileSn=1&bbsId=B0000207,voice_phishing
26,36619,[정부기관사칭 5단계] 금전 편취 시도,audio,정부기관사칭 5단계(금전 편취 시도)_.mp3,dataset/audio/fss_voice_026_36619.mp3,,https://www.fss.or.kr/fss/bbs/B0000207/view.do?nttId=36619&menuNo=200691&pageIndex=3,https://www.fss.or.kr/fss/cmmn/file/fileDown.do?menuNo=200691&atchFileId=4386a65d255a6c9a9d4ad52d3c1567db&fileSn=1&bbsId=B0000207,voice_phishing
27,36618,[정부기관사칭_4단계] 계좌 현황 파악,audio,정부기관사칭 4단계(계좌 현황 파악)_.mp3,dataset/audio/fss_voice_027_36618.mp3,,https://www.fss.or.kr/fss/bbs/B0000207/view.do?nttId=36618&menuNo=200691&pageIndex=3,https://www.fss.or.kr/fss/cmmn/file/fileDown.do?menuNo=200691&atchFileId=171c8a9c6aec563bebd4e62e3b650da2&fileSn=1&bbsId=B0000207,voice_phishing
28,36617,[정부기관사칭_3단계] 피해자 안심시키기2(사건 담당 검사님께 연결해 드리겠습니다),audio,정부기관사칭 3단계(피해자 안심시키기2_사건 담당 검사님께 연결해 드리겠습니다)_.mp3,dataset/audio/fss_voice_028_36617.mp3,,https://www.fss.or.kr/fss/bbs/B0000207/view.do?nttId=36617&menuNo=200691&pageIndex=3,https://www.fss.or.kr/fss/cmmn/file/fileDown.do?menuNo=200691&atchFileId=38720281cdc9843cad2b18d5482984ea&fileSn=1&bbsId=B0000207,voice_phishing
29,36616,[정부기관사칭_3단계] 피해자 안심시키기1(동종전과도 없고 신분이 확실하나 피해자 입증이 필요하다),audio,정부기관사칭 3단계(피해자 안심시키기1_동종전과도 없고 신분이 확실하나 피해자 입증이 필요하다)_.mp3,dataset/audio/fss_voice_029_36616.mp3,,https://www.fss.or.kr/fss/bbs/B0000207/view.do?nttId=36616&menuNo=200691&pageIndex=3,https://www.fss.or.kr/fss/cmmn/file/fileDown.do?menuNo=200691&atchFileId=a30382da6ce6a5559722809c3ebdb483&fileSn=1&bbsId=B0000207,voice_phishing
30,36615,[정부기관사칭_2단계] 심리적 압박 및 주변 도움 차단,audio,정부기관사칭 2단계(심리적 압박 및 주변 도움 차단)_.mp3,dataset/audio/fss_voice_030_36615.mp3,,https://www.fss.or.kr/fss/bbs/B0000207/view.do?nttId=36615&menuNo=200691&pageIndex=3,https://www.fss.or.kr/fss/cmmn/file/fileDown.do?menuNo=200691&atchFileId=47069cdb9ad7a5cda91169772ac968c1&fileSn=1&bbsId=B0000207,voice_phishing
31,36614,[정부기관사칭_1단계] 피해자에게 접근,audio,정부기관사칭 1단계(피해자에게 접근)_수정파일_.mp3,dataset/audio/fss_voice_031_36614.mp3,,https://www.fss.or.kr/fss/bbs/B0000207/view.do?nttId=36614&menuNo=200691&pageIndex=4,https://www.fss.or.kr/fss/cmmn/file/fileDown.do?menuNo=200691&atchFileId=948ed64e5d36e69d36d83b1ccd06a9d6&fileSn=1&bbsId=B0000207,voice_phishing
32,36612,(피해자가 보유한 자산이 없자) 일단 OOO씨 사건은 여기서 종결짓도록 하겠습니다,html,NR3756_마스킹 완료(보유자산이 없자 사건 종결 처리함)_.mp3,dataset/audio/fss_voice_032_36612.mp3,dataset/transcripts/fss_voice_032_36612.txt,https://www.fss.or.kr/fss/bbs/B0000207/view.do?nttId=36612&menuNo=200691&pageIndex=4,https://www.fss.or.kr/fss/cmmn/file/fileDown.do?menuNo=200691&atchFileId=6ce6195688e76a9925a981dad3231784&fileSn=1&bbsId=B0000207,voice_phishing
33,36601,"이번 사건에 연루된 분들에게 개별 ip주소를 발급, 부여해드리고 있습니다",html,NR4614_마스킹 완료(ip링크에서 걸림)_.mp3,dataset/audio/fss_voice_033_36601.mp3,dataset/transcripts/fss_voice_033_36601.txt,https://www.fss.or.kr/fss/bbs/B0000207/view.do?nttId=36601&menuNo=200691&pageIndex=4,https://www.fss.or.kr/fss/cmmn/file/fileDown.do?menuNo=200691&atchFileId=a8c0acd33ba2c7cb267b5905286e791c&fileSn=1&bbsId=B0000207,voice_phishing
34,36598,귀하의 현금자산에 대하여 모두 국가안전코드를 부여하여 향후 회수처리 가능하도록 조치하겠다,html,NR4301_마스킹 완료(대면 편취로 자금 인계한 케이스)_.mp3,dataset/audio/fss_voice_034_36598.mp3,dataset/transcripts/fss_voice_034_36598.txt,https://www.fss.or.kr/fss/bbs/B0000207/view.do?nttId=36598&menuNo=200691&pageIndex=4,https://www.fss.or.kr/fss/cmmn/file/fileDown.do?menuNo=200691&atchFileId=d694281d72a0264b7596a139a62945c1&fileSn=1&bbsId=B0000207,voice_phishing
35,36581,"귀하의 재산을 국가보안안전계좌에 등록해야 하니, 지금 파견나가신 금감원 직원분께 현금을 인계하십시오",html,NR4049_마스킹 완료(현금 편취형)_.mp3,dataset/audio/fss_voice_035_36581.mp3,dataset/transcripts/fss_voice_035_36581.txt,https://www.fss.or.kr/fss/bbs/B0000207/view.do?nttId=36581&menuNo=200691&pageIndex=4,https://www.fss.or.kr/fss/cmmn/file/fileDown.do?menuNo=200691&atchFileId=8edc90a7070959e1464a0a495be57349&fileSn=1&bbsId=B0000207,voice_phishing
36,36576,금감원의 재산보험신청을 위해 금융감독원을 내방하여 자금에 대한 소명을 해야 합니다,audio,NR4580_마스킹 완료(정부기관 사칭 신종 수법)_.mp3,dataset/audio/fss_voice_036_36576.mp3,,https://www.fss.or.kr/fss/bbs/B0000207/view.do?nttId=36576&menuNo=200691&pageIndex=4,https://www.fss.or.kr/fss/cmmn/file/fileDown.do?menuNo=200691&atchFileId=b45c7b4632259258765800be2439c455&fileSn=1&bbsId=B0000207,voice_phishing
37,36575,피해자 입증 증거자료 마련을 위해 녹취를 시작하겠습니다,audio,NR4039_마스킹 완료_.mp3,dataset/audio/fss_voice_037_36575.mp3,,https://www.fss.or.kr/fss/bbs/B0000207/view.do?nttId=36575&menuNo=200691&pageIndex=4,https://www.fss.or.kr/fss/cmmn/file/fileDown.do?menuNo=200691&atchFileId=66abb602244a36e5c3d42c0002e8b8a4&fileSn=1&bbsId=B0000207,voice_phishing
38,36574,제가 지시할 때까지 데이터랑 와이파이 모두 끄십시오(은행직원의 기지로 피해예방한 사례),html,NR4025_마스킹 완료_.mp3,dataset/audio/fss_voice_038_36574.mp3,dataset/transcripts/fss_voice_038_36574.txt,https://www.fss.or.kr/fss/bbs/B0000207/view.do?nttId=36574&menuNo=200691&pageIndex=4,https://www.fss.or.kr/fss/cmmn/file/fileDown.do?menuNo=200691&atchFileId=b67265859c6324a326ca475434968cd3&fileSn=1&bbsId=B0000207,voice_phishing
39,36573,단순 명의도용 사건이나 흔하디 흔한 대포통장 사건에 연루되었다고 안일하게 생각하지 마세요,html,NR4024_마스킹 완료_.mp3,dataset/audio/fss_voice_039_36573.mp3,dataset/transcripts/fss_voice_039_36573.txt,https://www.fss.or.kr/fss/bbs/B0000207/view.do?nttId=36573&menuNo=200691&pageIndex=4,https://www.fss.or.kr/fss/cmmn/file/fileDown.do?menuNo=200691&atchFileId=42b9b9c2ade550b9b123375eca46c603&fileSn=1&bbsId=B0000207,voice_phishing
40,36572,"부모님이 물어보셔도 발설하지 마시고, 아는 선배랑 통화중이라고 대답하세요",html,NR4023_마스킹 완료_.mp3,dataset/audio/fss_voice_040_36572.mp3,dataset/transcripts/fss_voice_040_36572.txt,https://www.fss.or.kr/fss/bbs/B0000207/view.do?nttId=36572&menuNo=200691&pageIndex=4,https://www.fss.or.kr/fss/cmmn/file/fileDown.do?menuNo=200691&atchFileId=9e1ea999161cbd7e8362a9d55ed6b2d4&fileSn=1&bbsId=B0000207,voice_phishing
41,36571,귀하의 계좌가 중고OO 사기에 이용되었습니다,html,NR4032_마스킹 완료_.mp3,dataset/audio/fss_voice_041_36571.mp3,dataset/transcripts/fss_voice_041_36571.txt,https://www.fss.or.kr/fss/bbs/B0000207/view.do?nttId=36571&menuNo=200691&pageIndex=5,https://www.fss.or.kr/fss/cmmn/file/fileDown.do?menuNo=200691&atchFileId=032892338978e4e344c93130ee56c7e2&fileSn=1&bbsId=B0000207,voice_phishing
42,36570,자꾸 전화 끊으시면 저희가 소환장을 보낼테니 출석하셔야 합니다,html,NR4030_마스킹 완료_.mp3,dataset/audio/fss_voice_042_36570.mp3,dataset/transcripts/fss_voice_042_36570.txt,https://www.fss.or.kr/fss/bbs/B0000207/view.do?nttId=36570&menuNo=200691&pageIndex=5,https://www.fss.or.kr/fss/cmmn/file/fileDown.do?menuNo=200691&atchFileId=181479b9db7ed916949046e3216061ea&fileSn=1&bbsId=B0000207,voice_phishing
43,36569,37세 서울 사는 OOO씨를 아십니까,html,NR4028_마스킹 완료_.mp3,dataset/audio/fss_voice_043_36569.mp3,dataset/transcripts/fss_voice_043_36569.txt,https://www.fss.or.kr/fss/bbs/B0000207/view.do?nttId=36569&menuNo=200691&pageIndex=5,https://www.fss.or.kr/fss/cmmn/file/fileDown.do?menuNo=200691&atchFileId=872272d0d3cdd221e8dc83c893b2c066&fileSn=1&bbsId=B0000207,voice_phishing
44,36568,귀하의 전자금융거래법 위반 관련하여 연락드렸습니다,html,NR4027_마스킹 완료_.mp3,dataset/audio/fss_voice_044_36568.mp3,dataset/transcripts/fss_voice_044_36568.txt,https://www.fss.or.kr/fss/bbs/B0000207/view.do?nttId=36568&menuNo=200691&pageIndex=5,https://www.fss.or.kr/fss/cmmn/file/fileDown.do?menuNo=200691&atchFileId=652a236245dd61e955155ca63a189da1&fileSn=1&bbsId=B0000207,voice_phishing
45,36566,개인정보보호법에 따라 주민등록번호 등을 묻지 않습니다,html,NR4022_마스킹 완료_.mp3,dataset/audio/fss_voice_045_36566.mp3,dataset/transcripts/fss_voice_045_36566.txt,https://www.fss.or.kr/fss/bbs/B0000207/view.do?nttId=36566&menuNo=200691&pageIndex=5,https://www.fss.or.kr/fss/cmmn/file/fileDown.do?menuNo=200691&atchFileId=371223839dc50c37e3cecb49d8d29302&fileSn=1&bbsId=B0000207,voice_phishing
46,36565,장난하시는 것도 아니고 뭐에요 지금. 장난하세요?,html,NR4021_마스킹 완료_.mp3,dataset/audio/fss_voice_046_36565.mp3,dataset/transcripts/fss_voice_046_36565.txt,https://www.fss.or.kr/fss/bbs/B0000207/view.do?nttId=36565&menuNo=200691&pageIndex=5,https://www.fss.or.kr/fss/cmmn/file/fileDown.do?menuNo=200691&atchFileId=2440b381905096c916005107d01515e2&fileSn=1&bbsId=B0000207,voice_phishing
47,36564,피해자인지 가해자인지 확인해야 합니다,html,NR4020_마스킹 완료_.mp3,dataset/audio/fss_voice_047_36564.mp3,dataset/transcripts/fss_voice_047_36564.txt,https://www.fss.or.kr/fss/bbs/B0000207/view.do?nttId=36564&menuNo=200691&pageIndex=5,https://www.fss.or.kr/fss/cmmn/file/fileDown.do?menuNo=200691&atchFileId=55a755c8d7481ac0c88d7e8473ceae49&fileSn=1&bbsId=B0000207,voice_phishing
48,36563,국민은행 직원 OOO씨를 아십니까,html,NR4018_마스킹 완료_.mp3,dataset/audio/fss_voice_048_36563.mp3,dataset/transcripts/fss_voice_048_36563.txt,https://www.fss.or.kr/fss/bbs/B0000207/view.do?nttId=36563&menuNo=200691&pageIndex=5,https://www.fss.or.kr/fss/cmmn/file/fileDown.do?menuNo=200691&atchFileId=a367d07d9e98268eb99a0de316867444&fileSn=1&bbsId=B0000207,voice_phishing
49,36562,은행 직원이었던 OOO씨를 아십니까,html,NR4017_마스킹 완료_.mp3,dataset/audio/fss_voice_049_36562.mp3,dataset/transcripts/fss_voice_049_36562.txt,https://www.fss.or.kr/fss/bbs/B0000207/view.do?nttId=36562&menuNo=200691&pageIndex=5,https://www.fss.or.kr/fss/cmmn/file/fileDown.do?menuNo=200691&atchFileId=07829dba9cb52422563d52115b1ddb2e&fileSn=1&bbsId=B0000207,voice_phishing
50,36561,검거 현장에서 귀하의 명의로 된 대포통장을 압수했다,html,NR4016_마스킹 완료_.mp3,dataset/audio/fss_voice_050_36561.mp3,dataset/transcripts/fss_voice_050_36561.txt,https://www.fss.or.kr/fss/bbs/B0000207/view.do?nttId=36561&menuNo=200691&pageIndex=5,https://www.fss.or.kr/fss/cmmn/file/fileDown.do?menuNo=200691&atchFileId=c80be820e4a883ce134b7973c5812110&fileSn=1&bbsId=B0000207,voice_phishing
51,36560,첨단범죄수사과입니다,html,NR4014_마스킹 완료_.mp3,dataset/audio/fss_voice_051_36560.mp3,dataset/transcripts/fss_voice_051_36560.txt,https://www.fss.or.kr/fss/bbs/B0000207/view.do?nttId=36560&menuNo=200691&pageIndex=6,https://www.fss.or.kr/fss/cmmn/file/fileDown.do?menuNo=200691&atchFileId=24b332c6970cb0099b49eb5b8a7b5227&fileSn=1&bbsId=B0000207,voice_phishing
52,36559,"에이 OOO아, 토달지 말고 끊어라",html,NR4013_마스킹 완료_.mp3,dataset/audio/fss_voice_052_36559.mp3,dataset/transcripts/fss_voice_052_36559.txt,https://www.fss.or.kr/fss/bbs/B0000207/view.do?nttId=36559&menuNo=200691&pageIndex=6,https://www.fss.or.kr/fss/cmmn/file/fileDown.do?menuNo=200691&atchFileId=ed880be50591c05bbd7d91dc80684559&fileSn=1&bbsId=B0000207,voice_phishing
53,36558,"명의도용당한 피해자인지, 사기에 가담하신 가해자인지 확인하겠다",html,NR4011_마스킹 완료_.mp3,dataset/audio/fss_voice_053_36558.mp3,dataset/transcripts/fss_voice_053_36558.txt,https://www.fss.or.kr/fss/bbs/B0000207/view.do?nttId=36558&menuNo=200691&pageIndex=6,https://www.fss.or.kr/fss/cmmn/file/fileDown.do?menuNo=200691&atchFileId=98eceb42dc46ce1430129045d14d31a3&fileSn=1&bbsId=B0000207,voice_phishing
54,36557,어떤 부분에서 저희가 신뢰가 안간다는 말씀이십니까,html,NR4010_마스킹 완료_.mp3,dataset/audio/fss_voice_054_36557.mp3,dataset/transcripts/fss_voice_054_36557.txt,https://www.fss.or.kr/fss/bbs/B0000207/view.do?nttId=36557&menuNo=200691&pageIndex=6,https://www.fss.or.kr/fss/cmmn/file/fileDown.do?menuNo=200691&atchFileId=c177aec02a7439074533cbe36ad16330&fileSn=1&bbsId=B0000207,voice_phishing
55,36556,저희가 조사자의 시간을 맞춰줄 수는 없다,html,NR4008_마스킹 완료_.mp3,dataset/audio/fss_voice_055_36556.mp3,dataset/transcripts/fss_voice_055_36556.txt,https://www.fss.or.kr/fss/bbs/B0000207/view.do?nttId=36556&menuNo=200691&pageIndex=6,https://www.fss.or.kr/fss/cmmn/file/fileDown.do?menuNo=200691&atchFileId=a922302e915a515cc69d43ed908cde89&fileSn=1&bbsId=B0000207,voice_phishing
56,36555,본인께서 OO고등학교에서 근무하실때 못들어봤습니까,html,NR4007_마스킹 완료_.mp3,dataset/audio/fss_voice_056_36555.mp3,dataset/transcripts/fss_voice_056_36555.txt,https://www.fss.or.kr/fss/bbs/B0000207/view.do?nttId=36555&menuNo=200691&pageIndex=6,https://www.fss.or.kr/fss/cmmn/file/fileDown.do?menuNo=200691&atchFileId=8aab29803b0800a2d3b55d25ab01eb93&fileSn=1&bbsId=B0000207,voice_phishing
57,36553,들어보신 적 없으시다고요? 아 알겠습니다,audio,NR4005_마스킹 완료_.mp3,dataset/audio/fss_voice_057_36553.mp3,,https://www.fss.or.kr/fss/bbs/B0000207/view.do?nttId=36553&menuNo=200691&pageIndex=6,https://www.fss.or.kr/fss/cmmn/file/fileDown.do?menuNo=200691&atchFileId=21b690b990a7b44d63ba8d015673ae95&fileSn=1&bbsId=B0000207,voice_phishing
58,36552,협조를 안해주는데 사기범과 공모한 사실이 있는 것 아니냐,html,NR4004_마스킹 완료_.mp3,dataset/audio/fss_voice_058_36552.mp3,dataset/transcripts/fss_voice_058_36552.txt,https://www.fss.or.kr/fss/bbs/B0000207/view.do?nttId=36552&menuNo=200691&pageIndex=6,https://www.fss.or.kr/fss/cmmn/file/fileDown.do?menuNo=200691&atchFileId=2d18072428d73d97a4d3d1cb2c986607&fileSn=1&bbsId=B0000207,voice_phishing
59,36551,동일 전과가 없고 별다른 혐의가 없어 유선상 연락했다,html,NR4003_마스킹 완료_.mp3,dataset/audio/fss_voice_059_36551.mp3,dataset/transcripts/fss_voice_059_36551.txt,https://www.fss.or.kr/fss/bbs/B0000207/view.do?nttId=36551&menuNo=200691&pageIndex=6,https://www.fss.or.kr/fss/cmmn/file/fileDown.do?menuNo=200691&atchFileId=eec1c3ce2b2a0c9e506bdba370c7bc0b&fileSn=1&bbsId=B0000207,voice_phishing
60,36550,"개인정보나 주민등록번호, 금품을 요구하지 않습니다",html,NR4002_마스킹 완료_.mp3,dataset/audio/fss_voice_060_36550.mp3,dataset/transcripts/fss_voice_060_36550.txt,https://www.fss.or.kr/fss/bbs/B0000207/view.do?nttId=36550&menuNo=200691&pageIndex=6,https://www.fss.or.kr/fss/cmmn/file/fileDown.do?menuNo=200691&atchFileId=3b8be0ec4723c2c97e4cd0e17b2bb535&fileSn=1&bbsId=B0000207,voice_phishing
61,36549,약식조사 실시를 위해 연락드렸다,html,NR4001_마스킹 완료_.mp3,dataset/audio/fss_voice_061_36549.mp3,dataset/transcripts/fss_voice_061_36549.txt,https://www.fss.or.kr/fss/bbs/B0000207/view.do?nttId=36549&menuNo=200691&pageIndex=7,https://www.fss.or.kr/fss/cmmn/file/fileDown.do?menuNo=200691&atchFileId=3a169aa65c530674774c66ca86b3daa8&fileSn=1&bbsId=B0000207,voice_phishing
62,36535,<span style='font-weight: bold;color: blue;'>[NEW] 검찰사칭 현금수취형 보이스피싱,audio,검찰 사칭 보이스피싱_.mp3,dataset/audio/fss_voice_062_36535.mp3,,https://www.fss.or.kr/fss/bbs/B0000207/view.do?nttId=36535&menuNo=200691&pageIndex=7,https://www.fss.or.kr/fss/cmmn/file/fileDown.do?menuNo=200691&atchFileId=6db767ed86d10b3d298e463dc3318765&fileSn=1&bbsId=B0000207,voice_phishing
63,36534,[검찰사칭] 서울 중앙지검입니다.,audio,NR1135_selection_변조완료_.mp3,dataset/audio/fss_voice_063_36534.mp3,,https://www.fss.or.kr/fss/bbs/B0000207/view.do?nttId=36534&menuNo=200691&pageIndex=7,https://www.fss.or.kr/fss/cmmn/file/fileDown.do?menuNo=200691&atchFileId=ce779ba33961d68e97eb7d477c419d59&fileSn=1&bbsId=B0000207,voice_phishing
64,36533,[검찰사칭] 잠시 자리 이동해서 통화 가능하세요?,audio,NR2200_selection_변조완료_.mp3,dataset/audio/fss_voice_064_36533.mp3,,https://www.fss.or.kr/fss/bbs/B0000207/view.do?nttId=36533&menuNo=200691&pageIndex=7,https://www.fss.or.kr/fss/cmmn/file/fileDown.do?menuNo=200691&atchFileId=5c0e2ca2c1d3ad45644e2d1e29b5dc32&fileSn=1&bbsId=B0000207,voice_phishing
65,36503,개인정보 유출되어 명의도용 당하신 피해자이신지 조사하려 연락했다.,audio,NR0211-공개가능-검경사칭-개인정보 유출되어  명의도용 당하신 피해자이신지 조사하려고 연락드렸습니다_.mp3,dataset/audio/fss_voice_065_36503.mp3,,https://www.fss.or.kr/fss/bbs/B0000207/view.do?nttId=36503&menuNo=200691&pageIndex=7,https://www.fss.or.kr/fss/cmmn/file/fileDown.do?menuNo=200691&atchFileId=a7ddc9692032acc3d11a4641c9ca99bc&fileSn=1&bbsId=B0000207,voice_phishing
66,36502,본인관련 명의도용사건이 접수되었습니다.,audio,NR0215-공개가능-검경사칭-본인 관련 명의도용 사건이 접수되었습니다_.mp3,dataset/audio/fss_voice_066_36502.mp3,,https://www.fss.or.kr/fss/bbs/B0000207/view.do?nttId=36502&menuNo=200691&pageIndex=7,https://www.fss.or.kr/fss/cmmn/file/fileDown.do?menuNo=200691&atchFileId=703971a11c26678dbaacc1a88c5327d9&fileSn=1&bbsId=B0000207,voice_phishing
67,36501,피해자 입증이 되어야 고소고발이 취하된다.,audio,NR0217-공개가능-검경사칭-피해자 입증이되어야 고소고발이 취하된다_.mp3,dataset/audio/fss_voice_067_36501.mp3,,https://www.fss.or.kr/fss/bbs/B0000207/view.do?nttId=36501&menuNo=200691&pageIndex=7,https://www.fss.or.kr/fss/cmmn/file/fileDown.do?menuNo=200691&atchFileId=15615eb22a345bd475cba23e6353d3bb&fileSn=1&bbsId=B0000207,voice_phishing
68,36500,안전계좌로 돈을 옮기고 동결처리했다.,audio,NR0218-공개가능-서울중앙지검사칭-안전계좌로돈을옮기고동경처리했다_.mp3,dataset/audio/fss_voice_068_36500.mp3,,https://www.fss.or.kr/fss/bbs/B0000207/view.do?nttId=36500&menuNo=200691&pageIndex=7,https://www.fss.or.kr/fss/cmmn/file/fileDown.do?menuNo=200691&atchFileId=8057125e91813747e68d0a9456cd2acb&fileSn=1&bbsId=B0000207,voice_phishing
69,36499,절대 검찰조사 받는 것 발설하지 마세요,audio,NR0219-공개가능-검찰청사칭-절대검찰조사받은것 발설하지 마세요_.mp3,dataset/audio/fss_voice_069_36499.mp3,,https://www.fss.or.kr/fss/bbs/B0000207/view.do?nttId=36499&menuNo=200691&pageIndex=7,https://www.fss.or.kr/fss/cmmn/file/fileDown.do?menuNo=200691&atchFileId=388ce97131405b476d4c0a67ca444c74&fileSn=1&bbsId=B0000207,voice_phishing
70,36498,현장에서 대량의 신용카드와 대포통장이 발견,audio,NR0221-공개가능-서울중앙지검사칭-사건현장에서대량의신용카드와대포통장이발견되었다_.mp3,dataset/audio/fss_voice_070_36498.mp3,,https://www.fss.or.kr/fss/bbs/B0000207/view.do?nttId=36498&menuNo=200691&pageIndex=7,https://www.fss.or.kr/fss/cmmn/file/fileDown.do?menuNo=200691&atchFileId=1e55a26609b707e7562a82056d4e9161&fileSn=1&bbsId=B0000207,voice_phishing
71,36497,검사님께 사건번호랑 성함 불러주세요.,audio,NR0230-공개가능-서울중앙지검사칭-검사님께사건번호랑성함불려주세요_.mp3,dataset/audio/fss_voice_071_36497.mp3,,https://www.fss.or.kr/fss/bbs/B0000207/view.do?nttId=36497&menuNo=200691&pageIndex=8,https://www.fss.or.kr/fss/cmmn/file/fileDown.do?menuNo=200691&atchFileId=362aab55e4331b31095b0ccc20a94da1&fileSn=1&bbsId=B0000207,voice_phishing
72,36496,불법도박 금융사기집단을 검거했습니다.,audio,NR0233-공개가능-서울중앙지검-불법도박금융사기집단을검거했습니다_.mp3,dataset/audio/fss_voice_072_36496.mp3,,https://www.fss.or.kr/fss/bbs/B0000207/view.do?nttId=36496&menuNo=200691&pageIndex=8,https://www.fss.or.kr/fss/cmmn/file/fileDown.do?menuNo=200691&atchFileId=55e3d886cacaaec06b58634c7b06aa43&fileSn=1&bbsId=B0000207,voice_phishing
73,36495,"최근 2,3년 사이에 핸드폰이나 지갑, 신분증을 분실하신 경험",audio,"NR0236-공개가능-검경사칭-최근2,3년핸드폰이나지갑분실한적있나요_.mp3",dataset/audio/fss_voice_073_36495.mp3,,https://www.fss.or.kr/fss/bbs/B0000207/view.do?nttId=36495&menuNo=200691&pageIndex=8,https://www.fss.or.kr/fss/cmmn/file/fileDown.do?menuNo=200691&atchFileId=33831d25dc6db13d746782e3933c4b8e&fileSn=1&bbsId=B0000207,voice_phishing
74,36494,김OO 금융사건 1문 1답 조사과정입니다.,audio,NR0238-공개가능-부산고등검찰청사칭-강00금융사건1문1답조사과정입니다(마지막 욕 변조처리할 것)_변조완료_.mp3,dataset/audio/fss_voice_074_36494.mp3,,https://www.fss.or.kr/fss/bbs/B0000207/view.do?nttId=36494&menuNo=200691&pageIndex=8,https://www.fss.or.kr/fss/cmmn/file/fileDown.do?menuNo=200691&atchFileId=a7d5b177b1ca2e528e3dd8bd724d0341&fileSn=1&bbsId=B0000207,voice_phishing
75,36493,현재 사용중인 금융권 상호를 말씀해 주세요.,audio,NR0246-공개가능-검경사칭-현재사용중인금융권상호를말씀해주세요_.mp3,dataset/audio/fss_voice_075_36493.mp3,,https://www.fss.or.kr/fss/bbs/B0000207/view.do?nttId=36493&menuNo=200691&pageIndex=8,https://www.fss.or.kr/fss/cmmn/file/fileDown.do?menuNo=200691&atchFileId=7e1a31d35a42706a8beabba058089e51&fileSn=1&bbsId=B0000207,voice_phishing
76,36492,서울 관악구 불법금융 인출조직을 검거했습니다.,audio,NR0250-공개가능-서울지방경찰청-서울관악구불법금융인출조직을검거했습니다_.mp3,dataset/audio/fss_voice_076_36492.mp3,,https://www.fss.or.kr/fss/bbs/B0000207/view.do?nttId=36492&menuNo=200691&pageIndex=8,https://www.fss.or.kr/fss/cmmn/file/fileDown.do?menuNo=200691&atchFileId=588777198b621a2411c9318a9ce711db&fileSn=1&bbsId=B0000207,voice_phishing
77,36491,피해자 입증 절차를 밟아야 고소 취하됩니다.,audio,NR0251-공개가능-검경사칭-피해자입증절차밟아야고소취하됩니다_.mp3,dataset/audio/fss_voice_077_36491.mp3,,https://www.fss.or.kr/fss/bbs/B0000207/view.do?nttId=36491&menuNo=200691&pageIndex=8,https://www.fss.or.kr/fss/cmmn/file/fileDown.do?menuNo=200691&atchFileId=11c905dc5e583be399411bc297e47a30&fileSn=1&bbsId=B0000207,voice_phishing
78,36490,검사님이 공문 열람시켜 줄 것입니다.,audio,NR0254-공개가능-검찰사칭-검사님이공문열람시켜줄것입니다_.mp3,dataset/audio/fss_voice_078_36490.mp3,,https://www.fss.or.kr/fss/bbs/B0000207/view.do?nttId=36490&menuNo=200691&pageIndex=8,https://www.fss.or.kr/fss/cmmn/file/fileDown.do?menuNo=200691&atchFileId=82a4b07ce3ad7293385ce4ae96ba8735&fileSn=1&bbsId=B0000207,voice_phishing
79,36489,진술한 내용이 사실과 다를경우 위증죄와 공무집행방해죄,audio,NR0255-공개가능-서울중앙지검사칭-진술한 내용이 사실과 다를 경우 위증죄와 공무집행방해죄가 추가된다는 사실 알고 계시구요_.mp3,dataset/audio/fss_voice_079_36489.mp3,,https://www.fss.or.kr/fss/bbs/B0000207/view.do?nttId=36489&menuNo=200691&pageIndex=8,https://www.fss.or.kr/fss/cmmn/file/fileDown.do?menuNo=200691&atchFileId=e8257b64cd68d0d0d137102be1462b0d&fileSn=1&bbsId=B0000207,voice_phishing
80,36488,지금 계좌추적을 진행합니다.,audio,NR0257-공개가능-검경사칭-지금계좌추적을진행합니다_.mp3,dataset/audio/fss_voice_080_36488.mp3,,https://www.fss.or.kr/fss/bbs/B0000207/view.do?nttId=36488&menuNo=200691&pageIndex=8,https://www.fss.or.kr/fss/cmmn/file/fileDown.do?menuNo=200691&atchFileId=6cb6a391e004b082e0c20638424dbd2e&fileSn=1&bbsId=B0000207,voice_phishing
81,36487,2개 통장 본인이 직접 개설한 것이 맞습니까,audio,NR0263-공개가능-경찰사칭-2개통장본인이직접개설한것이맞습니까_.mp3,dataset/audio/fss_voice_081_36487.mp3,,https://www.fss.or.kr/fss/bbs/B0000207/view.do?nttId=36487&menuNo=200691&pageIndex=9,https://www.fss.or.kr/fss/cmmn/file/fileDown.do?menuNo=200691&atchFileId=87d3611971bba4245cd1bd6b0c3169c8&fileSn=1&bbsId=B0000207,voice_phishing
82,36486,전반 조사과정은 녹취 상태로 진행됩니다.,audio,NR0266-공개가능-검경사칭- 전반조사과정은 녹취상태로 진행됩니다._.mp3,dataset/audio/fss_voice_082_36486.mp3,,https://www.fss.or.kr/fss/bbs/B0000207/view.do?nttId=36486&menuNo=200691&pageIndex=9,https://www.fss.or.kr/fss/cmmn/file/fileDown.do?menuNo=200691&atchFileId=eda794a4eee7e91e9d3497d3b22b62e7&fileSn=1&bbsId=B0000207,voice_phishing
83,36485,우리가 이제 금융감독원에 통보를 할꺼예요.,audio,NR0269-공개가능-검경사칭-저같은 사람이 200명이나 있다고요_.mp3,dataset/audio/fss_voice_083_36485.mp3,,https://www.fss.or.kr/fss/bbs/B0000207/view.do?nttId=36485&menuNo=200691&pageIndex=9,https://www.fss.or.kr/fss/cmmn/file/fileDown.do?menuNo=200691&atchFileId=7478412b79c5825b9813b122a7996403&fileSn=1&bbsId=B0000207,voice_phishing
84,36484,전혀 상관이 없다는걸 입증하시지 못하신다면 본인에게 금융조치,audio,NR0273-공개가능-검경사칭-전혀 상관이 없다는걸 입증하시지 못하신다면 본인에게 일년간 금융제한조치가 들어갈수있어요_.mp3,dataset/audio/fss_voice_084_36484.mp3,,https://www.fss.or.kr/fss/bbs/B0000207/view.do?nttId=36484&menuNo=200691&pageIndex=9,https://www.fss.or.kr/fss/cmmn/file/fileDown.do?menuNo=200691&atchFileId=cab91de4a952382db528ec3440be784a&fileSn=1&bbsId=B0000207,voice_phishing
85,36483,사건 개요를 말씀드릴게요.,audio,NR0274-공개가능-검경사칭-(사기범)사건 개요를 말씀드릴게요 (신고자)아니 괜찮아요_.mp3,dataset/audio/fss_voice_085_36483.mp3,,https://www.fss.or.kr/fss/bbs/B0000207/view.do?nttId=36483&menuNo=200691&pageIndex=9,https://www.fss.or.kr/fss/cmmn/file/fileDown.do?menuNo=200691&atchFileId=4093a8a6cc8d661c1c3a200704684ecc&fileSn=1&bbsId=B0000207,voice_phishing
86,36482,개인정보도용으로 피해자들이 많이 계십니다.,audio,NR0275-공개가능-서울중앙지검사칭-개인정보도용으로 피해자들이 많이 계십니다._.mp3,dataset/audio/fss_voice_086_36482.mp3,,https://www.fss.or.kr/fss/bbs/B0000207/view.do?nttId=36482&menuNo=200691&pageIndex=9,https://www.fss.or.kr/fss/cmmn/file/fileDown.do?menuNo=200691&atchFileId=912e15217c08d8287c17ab64cd166ecb&fileSn=1&bbsId=B0000207,voice_phishing
87,36481,현장에서 압수된 두 계좌는 동결처리와 동시에 국고로 환수,audio,NR0277-공개가능-검찰사칭-현장에서 압수된 두 계좌는 동결처리와 동시에 국고로 환수조치 시켰습니다._.mp3,dataset/audio/fss_voice_087_36481.mp3,,https://www.fss.or.kr/fss/bbs/B0000207/view.do?nttId=36481&menuNo=200691&pageIndex=9,https://www.fss.or.kr/fss/cmmn/file/fileDown.do?menuNo=200691&atchFileId=e826714113da1568eec0ec4854bae59a&fileSn=1&bbsId=B0000207,voice_phishing
88,36480,전국에서 본인 포함 200명이 연루되어 있습니다.,audio,NR0279-공개가능-서울남부지검사칭-전국에서 본인 포함 200명이 연루되어있습니다_.mp3,dataset/audio/fss_voice_088_36480.mp3,,https://www.fss.or.kr/fss/bbs/B0000207/view.do?nttId=36480&menuNo=200691&pageIndex=9,https://www.fss.or.kr/fss/cmmn/file/fileDown.do?menuNo=200691&atchFileId=cc048b067c9c008e892453e701053d27&fileSn=1&bbsId=B0000207,voice_phishing
89,36479,정말 억울한 개인정보 피해자라고 생각하시면,audio,NR0280-공개가능-검찰사칭-정말 억울하다고 생각하시면 검찰청 개인정고 피해자 라고 생각하시면 여기 들어가서 피해자 증명을 직접해주시면 되요_.mp3,dataset/audio/fss_voice_089_36479.mp3,,https://www.fss.or.kr/fss/bbs/B0000207/view.do?nttId=36479&menuNo=200691&pageIndex=9,https://www.fss.or.kr/fss/cmmn/file/fileDown.do?menuNo=200691&atchFileId=48637e0aa59729602a0c5364269bc3d7&fileSn=1&bbsId=B0000207,voice_phishing
90,36478,얼마전 김OO 금융사기단을 검거했는데요.,audio,NR0281-공개가능-검찰사칭- 얼마전 김00 금융사기단을 검거했는데요_.mp3,dataset/audio/fss_voice_090_36478.mp3,,https://www.fss.or.kr/fss/bbs/B0000207/view.do?nttId=36478&menuNo=200691&pageIndex=9,https://www.fss.or.kr/fss/cmmn/file/fileDown.do?menuNo=200691&atchFileId=74d4ca62236bb8b5b132a687cc85e2ba&fileSn=1&bbsId=B0000207,voice_phishing
91,36477,전반 조사과정은 녹취 상태로 진행됩니다.,audio,NR0283-공개가능-부산고등검찰청사칭-질문의 전반 조사과정은 녹취 상태로 진행되실겁니다_.mp3,dataset/audio/fss_voice_091_36477.mp3,,https://www.fss.or.kr/fss/bbs/B0000207/view.do?nttId=36477&menuNo=200691&pageIndex=10,https://www.fss.or.kr/fss/cmmn/file/fileDown.do?menuNo=200691&atchFileId=3b5a208d3ea15c7c86eda8d1407d2e9d&fileSn=1&bbsId=B0000207,voice_phishing
92,36476,계좌추적을 통해서 본인이 피해자임을 증명을 할 수 가 있는거구요,audio,NR0288-공개가능-서울중앙지검사칭-계좌추적조회를 통해서 본인이 피해자임을 증명을 할 수가 있는거구요_.mp3,dataset/audio/fss_voice_092_36476.mp3,,https://www.fss.or.kr/fss/bbs/B0000207/view.do?nttId=36476&menuNo=200691&pageIndex=10,https://www.fss.or.kr/fss/cmmn/file/fileDown.do?menuNo=200691&atchFileId=4ed260619be21c18e2745d1db4256177&fileSn=1&bbsId=B0000207,voice_phishing
93,36475,"<span style='font-weight: bold;color: blue;'>[사기 시나리오 2,3단계]</span> 검사사칭 가짜사이트 금융정보 물어보고, 은행으로 유인",audio,"NR0059[1.표준 시나리오 관련_ 23단계_검사사칭 금융정보 물어보고, 외출준비]_.mp3",dataset/audio/fss_voice_093_36475.mp3,,https://www.fss.or.kr/fss/bbs/B0000207/view.do?nttId=36475&menuNo=200691&pageIndex=10,https://www.fss.or.kr/fss/cmmn/file/fileDown.do?menuNo=200691&atchFileId=23ddeb714deb21e39ca69ed56ad5dec8&fileSn=1&bbsId=B0000207,voice_phishing
94,36474,"<span style='font-weight: bold;color: blue;'>[사기 시나리오 2,3단계]</span> xpo-hjv.com으로 접속하세요",audio,NR0013[2.표준시나리오 관련_검사사칭_23단계_ xpo-hjv.com 으로 접속하세요.]_.mp3,dataset/audio/fss_voice_094_36474.mp3,,https://www.fss.or.kr/fss/bbs/B0000207/view.do?nttId=36474&menuNo=200691&pageIndex=10,https://www.fss.or.kr/fss/cmmn/file/fileDown.do?menuNo=200691&atchFileId=1abc5b0d6b5a08e5da835e8e4ad102dd&fileSn=1&bbsId=B0000207,voice_phishing
95,36473,"<span style='font-weight: bold;color: blue;'>[사기 시나리오 2,3단계]</span> 이거 제가 확인을 하고 금융감독원쪽에 등재를 할겁니다.",audio,NR0068[3.표준 시나리오 관련_검찰사칭_23단계_이거 제가 확인을 하고 금융감독원쪽에 등재를 할겁니다.]_.mp3,dataset/audio/fss_voice_095_36473.mp3,,https://www.fss.or.kr/fss/bbs/B0000207/view.do?nttId=36473&menuNo=200691&pageIndex=10,https://www.fss.or.kr/fss/cmmn/file/fileDown.do?menuNo=200691&atchFileId=9476e5a0c66183a8a883a8295e36196d&fileSn=1&bbsId=B0000207,voice_phishing
96,36472,"<span style='font-weight: bold;color: blue;'>[사기 시나리오 1,2,3단계]</span> 검사사칭 가짜사이트 유도 등",audio,ER0001[4.표준시나리오 관련_123단계_검사사칭 가짜사이트 유도 등]_.mp3,dataset/audio/fss_voice_096_36472.mp3,,https://www.fss.or.kr/fss/bbs/B0000207/view.do?nttId=36472&menuNo=200691&pageIndex=10,https://www.fss.or.kr/fss/cmmn/file/fileDown.do?menuNo=200691&atchFileId=e0dde4c73b35ce0e1e442cc5a4157bcd&fileSn=1&bbsId=B0000207,voice_phishing
97,36471,"<span style='font-weight: bold;color: blue;'>[사기 시나리오 2,3단계]</span> 공인인증서 폐기시키겠습니다.",audio,NR0096[5.표준시나리오 관련_검찰사칭_23단계_공인인증서폐기시키겠습니다.]_.mp3,dataset/audio/fss_voice_097_36471.mp3,,https://www.fss.or.kr/fss/bbs/B0000207/view.do?nttId=36471&menuNo=200691&pageIndex=10,https://www.fss.or.kr/fss/cmmn/file/fileDown.do?menuNo=200691&atchFileId=de1b4801e8687983b031382a7a340dab&fileSn=1&bbsId=B0000207,voice_phishing
98,36470,"<span style='font-weight: bold;color: blue;'>[사기 시나리오 1,2,3단계]</span> 가짜사이트에서 서류 작성 유도",audio,NR0002[6.표준 시나리오 관련_검찰사칭_123단계_가짜사이트에서 서류 작성하게 유도]_.mp3,dataset/audio/fss_voice_098_36470.mp3,,https://www.fss.or.kr/fss/bbs/B0000207/view.do?nttId=36470&menuNo=200691&pageIndex=10,https://www.fss.or.kr/fss/cmmn/file/fileDown.do?menuNo=200691&atchFileId=76e04648dee1954b7a59d26b20a30991&fileSn=1&bbsId=B0000207,voice_phishing
99,36469,"<span style='font-weight: bold;color: blue;'>[사기 시나리오 2,3단계]</span> 가짜사이트 유도후 작업",audio,NR0220[7.표준시나리오 관련_23단계_가짜사이트로 유도후 작업]_.mp3,dataset/audio/fss_voice_099_36469.mp3,,https://www.fss.or.kr/fss/bbs/B0000207/view.do?nttId=36469&menuNo=200691&pageIndex=10,https://www.fss.or.kr/fss/cmmn/file/fileDown.do?menuNo=200691&atchFileId=01510d7287e07c463084e25ca1a92116&fileSn=1&bbsId=B0000207,voice_phishing
100,36468,"<span style='font-weight: bold;color: blue;'>[사기 시나리오 2,3단계]</span> 검찰사칭 안전조치 언급_은행에서 이체한도 조회",audio,NR0200[8.표준스크립트관련_23단계_검찰사칭_안전조치 은행에서 이체한도조회] _.mp3,dataset/audio/fss_voice_100_36468.mp3,,https://www.fss.or.kr/fss/bbs/B0000207/view.do?nttId=36468&menuNo=200691&pageIndex=10,https://www.fss.or.kr/fss/cmmn/file/fileDown.do?menuNo=200691&atchFileId=33e9e657560de5d105ed9b0c8720abb9&fileSn=1&bbsId=B0000207,voice_phishing
